{
  "mean": [
    0.41103138590976335,
    0.23516474075443786,
    0.21131840754437872,
    0.451120401627219,
    0.22868827866124258,
    0.5484179080991124,
    0.07960486519970414,
    0.10517238701923078,
    0.10023840181213019,
    0.0008363757396449704,
    0.2361910593565089
  ],
  "std": [
    0.20667125290517432,
    0.14239612146410863,
    0.23281761190691402,
    0.16804614502412718,
    0.12192112375318205,
    0.25841848390414424,
    0.03806850901427624,
    0.047009481034707735,
    0.07937701192047854,
    0.0033654540342976914,
    0.25339874294914544
  ],
  "feature_order": [
    "jawOpen",
    "jawForward",
    "mouthSmile_Avg",
    "mouthStretch_Avg",
    "mouthUpperUp_Avg",
    "mouthLowerDown_Avg",
    "mouthPress_Avg",
    "mouthDimple_Avg",
    "mouthClose",
    "tongueOut",
    "mouthPucker"
  ]
}